日期,StationID,地區,UV指數
2026-05-07,467550,玉山,15.0
2026-05-07,467540,雪山,13.0
2026-05-07,466930,蘭嶼,12.0
2026-05-07,467590,綠島,12.0
2026-05-07,467650,墾丁,12.0
2026-05-07,466950,花蓮,12.0
2026-05-07,467350,臺中,12.0
2026-05-07,467300,臺南,11.0
2026-05-07,467110,基隆,11.0
2026-05-07,467290,苗栗,11.0
2026-05-07,467620,南投,11.0
2026-05-07,467660,恆春,11.0
2026-05-07,467441,彰化,11.0
2026-05-07,467480,雲林,11.0
2026-05-07,467410,日月潭,11.0
2026-05-07,466940,澎湖,10.0
2026-05-07,467990,金門,10.0
2026-05-07,466881,宜蘭,10.0
2026-05-07,466990,馬祖,10.0
2026-05-07,467080,淡水,10.0
2026-05-07,466910,高雄,9.0
2026-05-07,467420,臺北,9.0
2026-05-07,466920,臺東,9.0
2026-05-07,467610,成功,9.0
2026-05-07,467050,桃園,8.0
2026-05-07,467571,阿里山,8.0
2026-05-07,467280,新竹,6.0
